10 Barrel Brewing Company,US,OR
Ægir Bryggeri,NO,
Against the Grain Brewery,US,KY
AKn Brewing Company,US,AK
AleSmith Brewing Company,US,CA
Almanac Beer Company,US,CA
Alvinne,BE,
Amager Bryghus,DK,
Arcadia Brewing Company,US,MI
Avery Brewing Company,US,CO
Ballast Point Brewing Company,US,CA
Bells Brewery,US,MI
Big Sky Brewing Company,US,MT
Birrificio Ticinese (Ticino Brewing Company),CH,
Birrificio Toccalmatto,IT,
Bockor,BE,
Brasserie d’Achouffe (Moortgat),BE,
Brasserie Dunham,CA,QC
BrewDog,GB,SCT
Brewery Ommegang (Moortgat),US,NY
Brouwerij De Dolle Brouwers,BE,
Brouwerij de Molen,NL,
Brouwerij Rodenbach (Palm),BE,
Brouwerij Slaapmutske,BE,
Brouwerij Van Steenberge,BE,
Caldera Brewing Company,US,OR
Cantillon,BE,
Cascade Brewing,US,OR
Central Waters Brewing Co.,US,WI
Clown Shoes Beer,US,MA
Crooked Stave,US,CO
Dark Horse Brewing Company,US,MI
De Struise Brouwers,BE,
Deschutes Brewery,US,OR
Dieu du Ciel,CA,QC
Dogfish Head Brewery,US,DE
Driftwood Brewery,CA,BC
Dubuisson,BE,
Epic Brewing Co.,US,UT
Evil Twin Brewing,DK,
FiftyFifty Brewing Co.,US,CA
Figueroa Mountain Brewing,US,CA
Firestone Walker Brewing Co.,US,CA
Founders Brewing Company,US,MI
Full Sail Brewing Company,US,OR
Fuller's,GB,ENG
Goose Island Beer Company,US,IL
Great Divide Brewing Company,US,CO
Haandbryggeriet,NO,
Hair of the Dog Brewing Company,US,OR
Hakusekikan Beer/Stone Iwamoto Co.,JP,
Harviestoun,GB,SCT
J.W. Lees,GB,ENG
Jolly Pumpkin Artisan Ales,US,MI
Joseph James Brewing Company,US,NV
Laughing Dog Brewing,US,ID
Le Trou du Diable,CA,QC
Local Option Bierwerker,US,IL
Longwood Brewpub,CA,BC
McAuslan Brewing,CA,QC
Midnight Sun Brewing Company,US,AK
Midtfyns Bryghus,DK,
Mikkeller,DK,
Mill St. Brewery,CA,ON
Nøgne Ø,NO,
North Coast Brewing Company,US,CA
OR Trail Brewery,US,OR
Port Brewing/Lost Abbey,US,CA
Prairie Artisan Ales,US,OK
Propeller Brewery,CA,NS
Salt Lake Brewing Company / Squatters Pub,US,UT
Samuel Smith,GB,ENG
Sierra NV Brewing Company,US,CA
Speakeasy Ales and Lagers,US,CA
Stillwater Artisanal,US,MD
Stone Brewing Co.,US,CA
Surly Brewing Company,US,MN
Tenaya Creek Restaurant & Brewery,US,NV
The Ale Apothecary,US,OR
The Bruery,US,CA
The Commons Brewery,US,OR
Thirsty Dog Brewing Company,US,OH
Three Floyds Brewing Company,US,IN
To Øl,DK,
Unibroue,CA,QC
Upright Brewing,US,OR
Victory Brewing Company,US,PA
Vliegende Paard Brouwers,BE,
Wells & Youngs,GB,ENG